date,average_session_duration,bounce_rate,new_users,number_of_sessions_per_user,pages_per_session,page_views,users
01/11/2017,0,0,0,0,0,0,0
02/11/2017,0,0,0,0,0,0,0
03/11/2017,0,0,0,0,0,0,0
04/11/2017,0,0,0,0,0,0,0
05/11/2017,0,0,0,0,0,0,0
06/11/2017,0,0,0,0,0,0,0
07/11/2017,2.67,0.44,40,1.3,3.35,174,40
08/11/2017,4.13,0.48,85,1.28,3.32,382,90
09/11/2017,1.45,0.72,71,1.16,2.15,198,79
10/11/2017,1.83,0.47,11,1.19,2.74,52,16
11/11/2017,11.3,0.33,3,1.2,5.75,69,10
12/11/2017,1.35,0.46,12,1.44,2.35,61,18
13/11/2017,2.02,0.39,11,1.2,2.89,52,15
14/11/2017,2.17,0.32,18,1.12,3.14,88,25
15/11/2017,5.18,0.42,24,1.31,4.37,166,29
16/11/2017,4.02,0.29,35,1.2,3.43,168,41
17/11/2017,1.8,0.13,30,1.11,4.62,180,35
18/11/2017,3.02,0.27,18,1.13,3.38,88,23
19/11/2017,2.35,0.32,29,1.09,3.18,121,35
20/11/2017,2.18,0.41,17,1.26,2.31,67,23
21/11/2017,1.65,0.51,19,1.21,3.11,109,29
22/11/2017,2.9,0.4,22,1,2.67,80,30
23/11/2017,1.02,0.71,3,1.17,1.71,12,6
24/11/2017,8.18,0.5,2,1.6,2.75,22,5
25/11/2017,0.13,0.67,1,1.5,1.33,4,2
26/11/2017,3.22,0.39,40,1.11,4.1,209,46
27/11/2017,2.72,0.37,39,1.16,3.87,201,45
28/11/2017,3.62,0.47,129,1.1,3.91,606,141
29/11/2017,3.07,0.32,243,1.34,3.91,1409,268
30/11/2017,2.78,0.51,40,1.26,3.47,302,69
01/12/2017,4.35,0.47,27,1.27,5.64,372,52
02/12/2017,3.23,0.4,12,1.19,3.92,98,21
03/12/2017,3.43,0.4,26,1.11,3.5,140,36
04/12/2017,3.82,0.34,18,1.16,5.14,149,25
05/12/2017,3.73,0.23,20,1.34,4.51,176,29
06/12/2017,3.38,0.29,236,1.17,4.07,1228,259
07/12/2017,2.38,0.45,95,1.25,4.26,745,140
08/12/2017,3.73,0.37,23,1.3,3.35,174,40
09/12/2017,4.3,0.26,225,1.2,4.6,1409,254
10/12/2017,2.83,0.43,112,1.26,3.11,594,151
11/12/2017,3.35,0.38,35,1.23,4.18,309,60
12/12/2017,3.98,0.29,143,1.23,4.38,938,174
13/12/2017,2.12,0.45,38,1.32,3.05,238,59
14/12/2017,3.17,0.35,37,1.21,5.03,342,56
15/12/2017,1.83,0.33,28,1.11,2.87,112,35
16/12/2017,4.33,0.17,18,1.21,5.06,177,29
17/12/2017,2.4,0.28,75,1.1,3.7,363,89
18/12/2017,3.15,0.36,79,1.04,3.8,357,90
19/12/2017,2.45,0.35,62,1.09,3.36,286,78
20/12/2017,2.67,0.32,122,1.13,4.52,683,134
21/12/2017,2.4,0.38,50,1.21,3.83,314,68
22/12/2017,3.77,0.41,43,1.2,3.23,197,51
23/12/2017,1.63,0.41,42,1.17,3.3,201,52
24/12/2017,1.52,0.41,30,1.31,3.85,227,45
25/12/2017,5.17,0.35,38,1.19,3.32,209,53
26/12/2017,4.02,0.26,62,1.08,3.6,310,80
27/12/2017,1.93,0.31,51,1.11,3.47,236,61
28/12/2017,2.25,0.38,48,1.16,3.49,227,56
29/12/2017,1.9,0.33,62,1.06,3.67,275,71
30/12/2017,1.48,0.23,42,1.13,2.92,175,53
31/12/2017,5.15,0.18,34,1.19,4.2,210,42
01/01/2018,3.25,0.3,44,1.16,3.45,228,57
02/01/2018,2.57,0.39,45,1.19,3.19,239,63
03/01/2018,2.43,0.34,58,1.09,3.54,301,78
04/01/2018,2.28,0.32,64,1.05,3.42,263,73
05/01/2018,2.28,0.39,26,1.08,2.51,103,38
06/01/2018,1.07,0.4,82,1.03,2.61,235,87
07/01/2018,4.85,0.32,51,1.16,6.54,464,61
08/01/2018,3.65,0.27,40,1.1,4.66,261,51
09/01/2018,2.97,0.31,32,1.13,4.16,212,45
10/01/2018,2.38,0.38,41,1.09,2.92,175,55
11/01/2018,1.13,0.4,33,1.09,2.42,121,46
12/01/2018,0.93,0.38,29,1.09,2.51,93,34
13/01/2018,2.55,0.28,40,1.08,3.34,177,49
14/01/2018,2.2,0.33,58,1.09,3.8,289,70
15/01/2018,2.25,0.37,39,1.09,3.16,161,47
16/01/2018,1.28,0.44,33,1.11,3.1,155,45
17/01/2018,2.43,0.31,31,1.09,3.33,160,44
18/01/2018,1.82,0.41,37,1.1,3.09,167,49
19/01/2018,3.95,0.41,28,1.16,3.41,150,38
20/01/2018,1.57,0.24,22,1.12,3.91,176,40
21/01/2018,2.58,0.33,42,1.16,3.19,204,55
22/01/2018,3.15,0.37,32,1.21,3.44,196,47
23/01/2018,2.68,0.38,49,1.05,3.4,204,57
24/01/2018,2.27,0.31,27,1.15,3.31,129,34
25/01/2018,2.6,0.2,50,1.03,3.7,222,58
26/01/2018,3.48,0.21,38,1.02,4.23,220,51
27/01/2018,1.22,0.32,37,1.02,2.96,139,46
28/01/2018,1.97,0.31,62,1.1,3.84,334,79
29/01/2018,4.07,0.28,39,1.1,4.43,239,49
30/01/2018,2.35,0.27,99,1.14,3.95,545,121
31/01/2018,2.52,0.38,49,1.15,3.22,245,66
01/02/2018,6.3,0.26,24,1.09,8.63,302,32
02/02/2018,2.78,0.25,35,1.07,3.7,163,41
03/02/2018,2.27,0.25,32,1.19,5.75,293,43
04/02/2018,3.08,0.18,35,1.04,4.53,222,47
05/02/2018,4.1,0.17,123,1.18,4.29,695,137
06/02/2018,4.52,0.25,94,1.19,4.21,564,113
07/02/2018,4.58,0.33,55,1.31,3.86,374,74
08/02/2018,3.62,0.18,72,1.19,5.67,544,81
09/02/2018,2.58,0.23,71,1.21,3.73,384,85
10/02/2018,4.77,0.2,48,1.19,5.27,390,62
11/02/2018,2.37,0.25,58,1.09,4.14,352,78
12/02/2018,1.18,0.42,53,1.07,2.88,207,67
13/02/2018,2.92,0.41,28,1.11,3.78,185,44
14/02/2018,1.75,0.43,424,1.07,2.85,1364,447
15/02/2018,2.03,0.39,131,1.14,3.3,594,158
16/02/2018,1.57,0.52,163,1.08,2.33,541,214
17/02/2018,2.33,0.4,52,1.17,3.69,299,69
18/02/2018,1.07,0.35,35,1.1,3.02,163,49
19/02/2018,2.22,0.41,33,1.12,3.38,189,50
20/02/2018,1.72,0.51,25,1.32,3.83,203,40
21/02/2018,2.4,0.46,42,1.09,2.73,161,54
22/02/2018,1.82,0.36,243,1.08,2.08,685,306
23/02/2018,1.42,0.34,210,1.04,1.98,531,258
24/02/2018,1.72,0.32,165,1.06,1.95,471,228
25/02/2018,2.17,0.36,42,1.17,3.5,245,60
26/02/2018,2.12,0.37,45,1.1,3.45,224,59
27/02/2018,3.22,0.29,47,1.11,3.5,238,61
28/02/2018,2.6,0.21,47,1.07,3.59,226,59
01/03/2018,1.05,0.4,169,1.06,2.63,607,217
02/03/2018,1.85,0.35,97,1.05,3.22,416,123
03/03/2018,2.18,0.32,56,1.16,3.27,258,68
04/03/2018,2.82,0.28,58,1.19,3.51,312,75
05/03/2018,3.15,0.27,52,1.28,3.34,287,67
06/03/2018,2.82,0.47,35,1.2,3.15,167,44
07/03/2018,3.22,0.38,39,1.25,3.16,218,55
08/03/2018,4.07,0.16,182,1.1,4.28,963,205
09/03/2018,3.6,0.3,155,1.18,3.87,887,194
10/03/2018,4.12,0.26,140,1.2,3.66,742,169
11/03/2018,3.17,0.28,243,1.07,3.49,1120,301
12/03/2018,2.92,0.33,137,1.13,3.4,700,182
13/03/2018,2.48,0.34,64,1.1,3.73,407,99
14/03/2018,2.33,0.4,55,1.29,3.15,321,79
15/03/2018,2.98,0.27,175,1.08,4.07,941,213
16/03/2018,2.58,0.36,113,1.11,2.99,515,155
17/03/2018,4.82,0.23,58,1.13,3.7,318,76
18/03/2018,5.2,0.27,63,1.18,4.55,441,82
19/03/2018,2.88,0.3,247,1.08,3.2,1044,302
20/03/2018,3.28,0.33,129,1.12,3.62,677,167
21/03/2018,2.88,0.33,74,1.17,3.91,469,103
22/03/2018,3.27,0.37,98,1.14,3.25,435,118
23/03/2018,2.2,0.3,83,1.16,4.19,486,100
24/03/2018,4.38,0.26,59,1.23,3.74,344,75
25/03/2018,3.35,0.32,51,1.27,3.47,344,78
26/03/2018,5.33,0.36,88,1.2,4.27,623,122
27/03/2018,2.73,0.38,190,1.07,2.92,756,242
28/03/2018,4.9,0.27,62,1.16,4.16,458,95
29/03/2018,3.88,0.33,106,1.12,3.84,576,134
30/03/2018,3.38,0.32,109,1.21,3.46,636,152
31/03/2018,1.8,0.34,170,1.09,2.41,583,223
01/04/2018,3,0.33,162,1.07,2.52,557,206
02/04/2018,3.08,0.37,218,1.07,2.99,895,279
03/04/2018,4.23,0.4,127,1.09,6.1,1031,155
04/04/2018,3.42,0.23,109,1.1,3.87,627,147
05/04/2018,4.47,0.29,84,1.14,3.08,407,116
06/04/2018,2.52,0.32,73,1.11,2.94,318,97
07/04/2018,3.55,0.26,69,1.21,3.25,371,94
08/04/2018,3.78,0.29,93,1.05,3.31,434,125
09/04/2018,3.2,0.39,66,1.12,2.75,281,91
10/04/2018,3.5,0.23,249,1.12,4.09,1435,313
11/04/2018,4.3,0.25,185,1.19,3.76,1176,264
12/04/2018,3.6,0.29,108,1.12,3.33,569,152
13/04/2018,4.55,0.31,80,1.2,3.86,540,117
14/04/2018,3.6,0.33,92,1.18,3.52,496,119
15/04/2018,3.47,0.25,166,1.16,4.04,1001,214
16/04/2018,1.78,0.36,286,1.1,2.52,984,357
17/04/2018,2.48,0.35,106,1.13,2.97,499,149
18/04/2018,3.5,0.29,68,1.2,3.53,420,99
19/04/2018,3.1,0.4,98,1.15,3.32,492,129
20/04/2018,1.35,0.48,162,1.06,2.3,504,206
21/04/2018,2.08,0.51,105,1.09,2.56,395,141
22/04/2018,5.17,0.25,66,1.11,3.99,395,89
23/04/2018,2.12,0.23,95,1.06,3.32,482,137
24/04/2018,2.62,0.32,72,1.09,2.8,283,93
25/04/2018,3.6,0.25,63,1.17,3.61,375,89
26/04/2018,2.15,0.33,65,1.14,2.79,268,84
27/04/2018,4.27,0.43,70,1.09,2.55,278,100
28/04/2018,3.47,0.33,74,1.13,3.55,408,102
29/04/2018,2.67,0.3,125,1.17,2.94,530,154
30/04/2018,2.62,0.33,223,1.07,2.76,846,286
01/05/2018,2.83,0.31,175,1.1,2.95,717,220
02/05/2018,4.03,0.38,106,1.2,2.91,510,146
03/05/2018,4.55,0.51,41,1.32,2.64,261,75
04/05/2018,4.13,0.3,47,1.21,3.33,330,82
05/05/2018,5.05,0.45,31,1.36,2.2,141,47
06/05/2018,2.6,0.38,219,1.05,2.15,573,253
07/05/2018,2.13,0.31,179,1.11,2.22,554,224
08/05/2018,2.9,0.32,101,1.13,2.58,423,145
09/05/2018,3.7,0.29,50,1.08,3.12,243,72
10/05/2018,3.8,0.4,51,1.21,2.69,282,87
11/05/2018,5.22,0.27,40,1.27,3.28,246,59
12/05/2018,2.62,0.38,42,1.33,2.68,214,60
13/05/2018,4.6,0.31,71,1.24,3.03,357,95
14/05/2018,3.52,0.51,50,1.36,2.71,268,73
15/05/2018,3.42,0.26,413,1.12,3.32,1897,510
16/05/2018,3.05,0.29,210,1.21,3.23,1097,281
17/05/2018,2.9,0.33,129,1.16,3.19,666,180
18/05/2018,3.63,0.39,75,1.24,3.07,482,127
19/05/2018,2.97,0.39,62,1.17,2.72,332,104
20/05/2018,3.88,0.32,111,1.13,3.13,520,147
21/05/2018,3.73,0.31,73,1.12,3.64,430,105
22/05/2018,3.77,0.42,74,1.17,2.74,389,121
23/05/2018,3.62,0.27,112,1.25,3.47,670,154
24/05/2018,2.85,0.27,170,1.11,3.04,739,219
25/05/2018,3.02,0.32,115,1.13,3.16,563,158
26/05/2018,4.43,0.29,81,1.08,3.33,409,114
27/05/2018,3.52,0.36,94,1.2,3.08,533,144
28/05/2018,3.6,0.33,97,1.12,3.4,551,144
29/05/2018,3.75,0.32,91,1.14,3.28,453,121
30/05/2018,3.23,0.35,85,1.16,2.84,381,116
31/05/2018,4.72,0.28,173,1.17,3.64,940,220
01/06/2018,4.85,0.27,222,1.22,3.19,1146,295
02/06/2018,4.38,0.3,185,1.15,3.2,910,247
03/06/2018,4.48,0.34,123,1.2,2.66,566,177
04/06/2018,4.57,0.25,170,1.21,3.16,906,238
05/06/2018,2.92,0.42,33,1.16,2.27,152,58
06/06/2018,2.83,0.68,7,1.1,1.68,37,20
07/06/2018,4.6,0.27,176,1.15,3.24,887,238
08/06/2018,5.17,0.3,86,1.24,3.17,504,128
09/06/2018,3.77,0.37,98,1.23,2.94,494,137
10/06/2018,5.38,0.39,64,1.17,3.19,335,90
11/06/2018,4,0.3,200,1.13,2.59,755,258
12/06/2018,4.1,0.32,156,1.09,3.12,689,203
13/06/2018,3.3,0.31,199,1.12,2.47,773,279
14/06/2018,4.05,0.39,79,1.33,2.78,470,127
15/06/2018,5.23,0.41,51,1.25,2.83,309,87
16/06/2018,0.58,0.68,16,1.17,1.47,50,29
17/06/2018,1.68,0.81,24,1.19,1.35,58,36
18/06/2018,3.62,0.39,76,1.15,2.64,319,105
19/06/2018,3.35,0.34,116,1.19,2.93,539,155
20/06/2018,4.17,0.4,117,1.16,2.66,495,160
21/06/2018,3.72,0.35,109,1.15,2.63,447,148
22/06/2018,2,0.48,179,1.09,2.21,529,219
23/06/2018,4.1,0.28,140,1.24,2.96,625,170
24/06/2018,3.57,0.28,136,1.22,2.93,677,189
25/06/2018,5.03,0.36,109,1.21,2.95,560,157
26/06/2018,4.03,0.35,99,1.18,2.58,443,146
27/06/2018,3.95,0.42,114,1.14,3.02,553,160
28/06/2018,3.93,0.32,124,1.14,2.52,499,173
29/06/2018,3.05,0.34,121,1.15,2.86,589,179
30/06/2018,3.23,0.32,162,1.15,2.58,625,210
01/07/2018,3.38,0.3,130,1.17,2.9,545,161
02/07/2018,4.18,0.29,106,1.1,2.9,464,145
03/07/2018,2.95,0.4,58,1.2,2.29,234,85
04/07/2018,4.4,0.31,117,1.13,3.11,528,150
05/07/2018,4.32,0.29,107,1.11,3.2,579,163
06/07/2018,2.88,0.29,75,1.12,2.96,352,106
07/07/2018,3.13,0.27,80,1.15,2.92,359,107
08/07/2018,3.6,0.17,312,1.09,3.2,1288,368
09/07/2018,5.05,0.25,288,1.22,3.04,1360,368
10/07/2018,3.5,0.33,183,1.27,2.75,878,252
11/07/2018,5.15,0.39,116,1.23,2.78,590,172
12/07/2018,5.58,0.34,117,1.24,3.38,693,165
13/07/2018,4.58,0.39,100,1.26,3.32,601,144
14/07/2018,3.78,0.29,84,1.19,2.73,423,130
15/07/2018,4.48,0.31,103,1.16,3.03,506,144
16/07/2018,4.23,0.35,144,1.19,2.57,641,210
17/07/2018,3.27,0.34,135,1.18,3.01,666,187
18/07/2018,3.82,0.31,135,1.19,3.04,693,191
19/07/2018,3.17,0.44,196,1.1,2.32,708,278
20/07/2018,3.18,0.5,196,1.13,2.3,658,253
21/07/2018,5.5,0.2,420,1.25,3.53,2314,525
22/07/2018,5.13,0.27,350,1.2,3.01,1770,489
23/07/2018,4.4,0.3,237,1.19,3.04,1227,340
24/07/2018,3.2,0.31,258,1.14,2.56,1021,349
25/07/2018,3.88,0.25,308,1.16,2.9,1294,386
26/07/2018,3.47,0.32,241,1.22,2.69,1150,351
27/07/2018,4.47,0.34,181,1.27,2.85,977,270
28/07/2018,5.87,0.31,173,1.22,3.2,1017,261
29/07/2018,4.92,0.28,179,1.22,3.31,1114,276
30/07/2018,5.63,0.18,632,1.15,3.08,2940,832
31/07/2018,5.45,0.26,473,1.22,2.81,2389,696
01/08/2018,5.1,0.33,304,1.22,3.09,1750,464
02/08/2018,4.42,0.32,257,1.2,2.74,1276,389
03/08/2018,5.47,0.35,230,1.27,2.87,1227,336
04/08/2018,2.97,0.48,547,1.14,2.15,1675,680
05/08/2018,4.23,0.37,244,1.16,2.96,1248,363
06/08/2018,4.23,0.34,196,1.21,2.89,1096,313
07/08/2018,4.27,0.32,294,1.18,2.92,1432,416
08/08/2018,5.08,0.33,240,1.2,2.83,1279,378
09/08/2018,4.1,0.35,240,1.17,2.8,1182,360
10/08/2018,4.43,0.37,213,1.21,2.86,1152,332
11/08/2018,4.32,0.36,217,1.25,2.77,1146,331
12/08/2018,4.17,0.3,267,1.21,3,1505,414
13/08/2018,5.35,0.26,364,1.16,3.3,2035,530
14/08/2018,4.47,0.26,434,1.21,3.03,2243,610
15/08/2018,4.8,0.3,257,1.19,3.14,1446,388
16/08/2018,4.67,0.29,270,1.16,2.8,1290,399
17/08/2018,4.18,0.31,224,1.18,2.69,1107,349
18/08/2018,4.08,0.31,208,1.17,2.98,1119,321
19/08/2018,4.45,0.26,235,1.24,3.13,1416,365
20/08/2018,4.83,0.28,282,1.17,3.21,1683,450
21/08/2018,5.35,0.27,372,1.24,3.2,2244,568
22/08/2018,5.12,0.29,272,1.23,3.07,1586,419
23/08/2018,5.32,0.29,202,1.24,2.89,1302,363
24/08/2018,5.08,0.29,210,1.23,2.97,1375,375
25/08/2018,6.23,0.3,141,1.21,3.05,1002,272
26/08/2018,5.5,0.28,241,1.21,3.09,1433,384
27/08/2018,5.25,0.29,279,1.2,2.8,1546,462
28/08/2018,4.9,0.25,281,1.14,3.21,1568,427
29/08/2018,5.05,0.32,258,1.19,3.17,1551,411
30/08/2018,3.88,0.29,187,1.18,3.1,1214,330
31/08/2018,5.02,0.32,181,1.2,2.95,1084,306
01/09/2018,5.18,0.24,170,1.18,2.92,944,273
02/09/2018,5.12,0.27,231,1.14,3.01,1216,355
03/09/2018,3.47,0.3,231,1.18,2.87,1173,346
04/09/2018,4.33,0.28,222,1.15,2.72,1095,349
05/09/2018,4.37,0.25,238,1.14,3.15,1372,384
06/09/2018,3.5,0.34,103,1.18,2.42,550,193
07/09/2018,5.6,0.28,248,1.14,3.14,1323,368
08/09/2018,5.32,0.27,251,1.24,2.8,1311,376
09/09/2018,4.95,0.24,389,1.21,3.34,2212,548
10/09/2018,4.4,0.24,319,1.19,3.3,1822,465
11/09/2018,4.93,0.24,276,1.15,3.19,1636,448
12/09/2018,4.4,0.28,254,1.17,2.79,1259,387
13/09/2018,4.43,0.26,216,1.17,2.91,1132,333
14/09/2018,5.78,0.28,219,1.18,2.97,1126,322
15/09/2018,4.55,0.28,235,1.15,2.88,1084,326
16/09/2018,5.35,0.23,273,1.18,3.33,1604,408
17/09/2018,3.43,0.37,301,1.15,2.71,1342,431
18/09/2018,3.6,0.36,288,1.14,2.56,1233,423
19/09/2018,4.52,0.35,219,1.18,2.79,1073,326
20/09/2018,3.62,0.37,178,1.16,2.99,1031,297
21/09/2018,3.73,0.31,154,1.16,2.79,834,258
22/09/2018,4.4,0.3,183,1.12,3.29,1055,286
23/09/2018,4.78,0.23,339,1.15,3.16,1894,519
24/09/2018,3.83,0.31,387,1.12,2.85,1724,538
25/09/2018,4.05,0.27,243,1.19,3,1382,385
26/09/2018,2.88,0.35,246,1.12,2.77,1195,384
27/09/2018,3.98,0.33,256,1.15,3.05,1304,373
28/09/2018,4.83,0.32,198,1.19,3.09,1162,317
29/09/2018,3.78,0.34,194,1.17,3.04,1126,316
30/09/2018,3.95,0.23,421,1.18,3.28,2426,625
01/10/2018,3.58,0.32,272,1.16,2.96,1473,427
02/10/2018,3.73,0.31,249,1.2,2.9,1320,379
03/10/2018,3.28,0.31,319,1.13,2.9,1466,449
04/10/2018,3.77,0.27,470,1.12,2.92,1980,606
05/10/2018,4.3,0.33,204,1.13,2.77,1028,328
06/10/2018,3.48,0.38,215,1.18,2.81,1083,328
07/10/2018,3.82,0.26,389,1.13,2.97,1806,540
08/10/2018,2.98,0.34,289,1.18,2.59,1298,426
09/10/2018,3.98,0.36,251,1.16,2.89,1279,381
10/10/2018,4.13,0.32,191,1.13,2.93,1001,302
11/10/2018,4.23,0.33,220,1.17,3.21,1243,332
12/10/2018,3.38,0.35,186,1.12,2.75,898,292
13/10/2018,4.87,0.31,167,1.22,2.95,1002,278
14/10/2018,3.12,0.29,487,1.1,2.86,2089,666
15/10/2018,3.33,0.32,322,1.08,2.78,1331,443
16/10/2018,2.98,0.36,194,1.14,2.61,877,294
17/10/2018,3.47,0.33,211,1.11,2.77,957,310
18/10/2018,4.47,0.33,194,1.17,2.96,1007,291
19/10/2018,3.67,0.36,162,1.22,2.85,858,246
20/10/2018,3.63,0.36,179,1.2,2.8,906,270
21/10/2018,2.47,0.29,539,1.08,2.74,1957,658
22/10/2018,2.9,0.29,514,1.11,2.84,1925,611
23/10/2018,3.1,0.31,390,1.13,2.65,1538,512
24/10/2018,3.02,0.26,390,1.12,2.75,1514,490
25/10/2018,3.17,0.36,311,1.15,2.57,1232,417
26/10/2018,3.27,0.32,242,1.15,2.84,1146,351
27/10/2018,3.33,0.32,245,1.14,2.68,1026,336
28/10/2018,3.4,0.3,316,1.17,2.66,1421,456
29/10/2018,4.2,0.34,226,1.17,2.77,1108,343
30/10/2018,3.43,0.33,252,1.18,2.79,1199,364
31/10/2018,3.63,0.34,215,1.15,2.87,1037,313
01/11/2018,3.38,0.33,246,1.14,2.72,1149,371
02/11/2018,4.12,0.34,222,1.19,2.89,1126,329
03/11/2018,3.1,0.3,178,1.13,3.34,1021,271
04/11/2018,3.45,0.3,304,1.17,2.94,1571,457
05/11/2018,3.67,0.29,354,1.1,3.06,1556,462
06/11/2018,3.93,0.28,292,1.12,2.99,1332,397
07/11/2018,3.02,0.31,303,1.14,2.91,1345,405
08/11/2018,3.52,0.29,245,1.13,2.76,1042,334
09/11/2018,3.05,0.29,187,1.11,3.19,963,271
10/11/2018,3.9,0.3,229,1.17,3.07,1224,341
11/11/2018,3.9,0.32,358,1.13,2.96,1564,468
12/11/2018,3.98,0.3,242,1.18,3.04,1332,370
13/11/2018,4.3,0.32,206,1.23,2.78,1057,310
14/11/2018,2.53,0.46,381,1.15,2.37,1343,494
15/11/2018,3.13,0.37,247,1.24,2.83,1217,348
16/11/2018,3.12,0.36,232,1.17,2.69,1099,349
17/11/2018,3.8,0.32,365,1.15,2.99,1702,495
18/11/2018,3.78,0.32,354,1.17,2.94,1734,502
19/11/2018,3.03,0.26,554,1.13,2.44,2111,765
20/11/2018,3.67,0.24,809,1.16,2.31,2933,1101
21/11/2018,3.82,0.26,681,1.17,2.13,2356,949
22/11/2018,4.98,0.21,618,1.14,2.18,2302,925
23/11/2018,5.23,0.22,1071,1.24,2.19,4215,1557
24/11/2018,4.2,0.27,509,1.18,2.15,1964,776
25/11/2018,3.75,0.27,432,1.21,2.2,1781,670
26/11/2018,3.17,0.27,822,1.15,2.17,2785,1121
27/11/2018,2.73,0.35,386,1.15,2.03,1238,530
28/11/2018,3.1,0.32,272,1.15,2.12,995,409
29/11/2018,2.95,0.36,244,1.17,2.03,807,339
30/11/2018,1.87,0.69,519,1.08,1.67,1102,613
01/12/2018,3.12,0.31,226,1.14,2.04,769,332
02/12/2018,2.43,0.46,557,1.11,1.85,1596,775
03/12/2018,2.75,0.43,456,1.13,1.99,1455,646
04/12/2018,2.87,0.43,313,1.13,2.14,1038,427
05/12/2018,2.97,0.37,301,1.16,2.15,1022,410
06/12/2018,1.97,0.5,635,1.06,1.91,1513,747
07/12/2018,2.77,0.44,296,1.11,2.09,956,412
08/12/2018,2.42,0.45,365,1.14,1.97,1191,530
09/12/2018,2,0.5,540,1.1,1.91,1473,702
10/12/2018,2.82,0.36,318,1.12,2.12,1035,437
11/12/2018,2.87,0.42,291,1.09,2.03,899,407
12/12/2018,2.98,0.36,255,1.13,2.07,869,372
13/12/2018,3.28,0.36,283,1.11,1.98,921,419
14/12/2018,3.57,0.32,233,1.09,2.17,819,346
15/12/2018,3.3,0.33,254,1.2,1.89,892,393
16/12/2018,2.17,0.59,750,1.09,1.61,1604,913
17/12/2018,3.28,0.33,363,1.14,2.01,1147,503
18/12/2018,3.08,0.42,519,1.12,1.83,1432,703
19/12/2018,3.53,0.32,478,1.12,2.07,1474,637
20/12/2018,3.48,0.36,339,1.14,2,1099,482
21/12/2018,3.95,0.35,280,1.15,2.1,980,406
22/12/2018,3.4,0.39,231,1.19,1.93,815,354
23/12/2018,4.03,0.29,301,1.13,2.07,1029,438
24/12/2018,3.82,0.33,399,1.17,1.89,1318,596
25/12/2018,4.17,0.28,726,1.22,1.91,2503,1075
26/12/2018,4.15,0.26,1019,1.22,1.93,3588,1525
27/12/2018,3.12,0.31,656,1.17,1.94,2221,975
28/12/2018,3.42,0.32,603,1.12,1.94,1960,899
29/12/2018,3.52,0.34,370,1.15,1.96,1261,557
30/12/2018,3.6,0.34,339,1.13,2.05,1203,520
31/12/2018,3.08,0.39,280,1.12,2.04,945,414
01/01/2019,3.25,0.36,299,1.15,2.25,1167,452
02/01/2019,2.72,0.33,357,1.16,2.21,1300,509
03/01/2019,2.92,0.37,329,1.13,2.1,1111,468
04/01/2019,2.63,0.37,336,1.13,2.05,1081,468
05/01/2019,3.97,0.33,388,1.14,2.17,1282,520
06/01/2019,3.42,0.34,427,1.16,2.18,1449,572
07/01/2019,3.1,0.34,353,1.09,2.11,1096,475
08/01/2019,3.02,0.37,390,1.11,1.96,1148,525
09/01/2019,3.35,0.39,264,1.1,2.09,861,376
10/01/2019,3.22,0.31,289,1.11,2.17,953,396
11/01/2019,2.78,0.34,250,1.11,2.07,817,355
12/01/2019,3.75,0.35,292,1.15,2.25,1010,391
13/01/2019,3,0.36,362,1.16,2.25,1242,475
14/01/2019,3.57,0.35,241,1.11,2.08,812,352
15/01/2019,2.92,0.36,233,1.1,1.96,683,316
16/01/2019,2.72,0.31,248,1.1,2.07,769,339
17/01/2019,3.42,0.32,189,1.11,2.11,641,273
18/01/2019,3.73,0.33,188,1.11,2.12,638,272
19/01/2019,3.85,0.33,232,1.17,2.04,815,343
20/01/2019,3.82,0.28,423,1.16,2.11,1393,569
21/01/2019,3.53,0.35,221,1.11,2.02,713,317
22/01/2019,4.35,0.37,173,1.15,2.11,672,276
23/01/2019,4.03,0.36,193,1.14,1.97,670,298
24/01/2019,3.92,0.35,207,1.15,1.99,673,294
25/01/2019,2.97,0.39,162,1.19,1.99,582,245
26/01/2019,3.88,0.36,168,1.19,1.96,630,270
27/01/2019,3.42,0.34,253,1.19,2,876,368
28/01/2019,2.82,0.39,210,1.15,1.96,684,303
29/01/2019,4.12,0.33,182,1.16,2.23,672,259
30/01/2019,3.15,0.34,257,1.11,2,761,341
31/01/2019,4.02,0.32,316,1.11,1.77,918,468
01/02/2019,3.6,0.35,246,1.14,1.85,732,348
02/02/2019,2.95,0.4,275,1.13,1.96,834,375
03/02/2019,3.38,0.41,349,1.15,1.83,1066,508
04/02/2019,2.85,0.42,298,1.14,1.85,868,414
05/02/2019,3.3,0.41,286,1.11,2,876,394
06/02/2019,3.67,0.38,224,1.13,1.94,702,319
07/02/2019,3.23,0.33,222,1.06,1.92,625,307
08/02/2019,3.22,0.43,173,1.19,1.9,598,265
09/02/2019,3.53,0.41,205,1.18,1.93,679,298
10/02/2019,3.53,0.36,262,1.16,1.98,836,365
11/02/2019,2.83,0.4,226,1.16,1.89,696,319
12/02/2019,2.65,0.37,192,1.16,1.88,608,279
13/02/2019,2.8,0.46,188,1.14,1.99,618,273
14/02/2019,4,0.4,164,1.09,1.9,529,256
15/02/2019,3.23,0.37,162,1.12,1.77,461,233
16/02/2019,3.65,0.38,189,1.18,1.88,601,270
17/02/2019,2.62,0.38,185,1.18,1.75,551,267
18/02/2019,3.83,0.38,103,1.09,2.11,392,170
19/02/2019,2.87,0.38,198,1.14,1.93,628,284
20/02/2019,3.07,0.39,171,1.16,1.77,544,265
21/02/2019,3.05,0.43,160,1.17,1.8,505,239
22/02/2019,3.15,0.34,135,1.09,1.97,441,206
23/02/2019,3.28,0.37,131,1.11,1.83,409,201
24/02/2019,3.38,0.33,150,1.13,2.14,568,234
25/02/2019,3.85,0.33,151,1.16,2.16,583,232
26/02/2019,4.03,0.32,124,1.12,2.11,507,215
27/02/2019,3.42,0.27,190,1.18,2.3,839,308
28/02/2019,2.82,0.31,460,1.2,2.24,1814,677
01/03/2019,1.82,0.45,145,1.12,1.71,459,240
02/03/2019,3.68,0.33,202,1.19,2.27,821,304
03/03/2019,4.23,0.34,200,1.15,1.94,699,312
04/03/2019,2.63,0.36,159,1.14,2.12,608,252
05/03/2019,2.83,0.39,244,1.09,2.06,751,336
06/03/2019,3.37,0.34,206,1.16,2.19,769,302
07/03/2019,3,0.37,166,1.16,2.15,616,246
08/03/2019,2.6,0.41,127,1.15,1.86,427,199
09/03/2019,2.95,0.4,156,1.15,2.25,598,231
10/03/2019,3.23,0.35,201,1.1,2.07,643,284
11/03/2019,2.7,0.35,180,1.12,2.15,639,266
12/03/2019,3.15,0.36,214,1.13,2.46,880,316
13/03/2019,2.87,0.41,216,1.18,2.02,714,299
14/03/2019,2.33,0.47,139,1.14,1.78,459,226
15/03/2019,3.6,0.46,153,1.19,1.96,525,226
16/03/2019,4.65,0.36,155,1.18,2.2,619,238
17/03/2019,4.58,0.33,173,1.17,2.19,667,259
18/03/2019,4.2,0.36,125,1.16,2.19,485,190
19/03/2019,3.05,0.37,142,1.11,2.04,499,220
20/03/2019,3.42,0.43,121,1.17,2.12,476,193
21/03/2019,3.43,0.33,138,1.13,2.11,472,198
22/03/2019,3.08,0.38,108,1.15,1.97,400,176
23/03/2019,3.02,0.35,136,1.09,2.14,459,197
24/03/2019,4.13,0.29,171,1.14,2.49,697,245
25/03/2019,3.12,0.33,121,1.18,2.28,516,191
26/03/2019,3.5,0.35,147,1.14,2.46,610,217
27/03/2019,3.25,0.38,117,1.21,2.4,496,171
28/03/2019,2.2,0.44,146,1.12,2.15,478,198
29/03/2019,3.45,0.31,92,1.21,2.41,439,150
30/03/2019,2.8,0.29,113,1.17,2.46,501,175
31/03/2019,2.85,0.34,108,1.14,2.24,444,173
01/04/2019,3.02,0.35,128,1.15,2.24,545,211
02/04/2019,2.78,0.44,140,1.17,2.11,516,209
03/04/2019,2.77,0.37,157,1.2,2.3,602,219
04/04/2019,2.52,0.35,296,1.09,2.08,836,369
05/04/2019,3,0.34,116,1.14,2.26,447,174
06/04/2019,3.25,0.37,143,1.14,2.57,572,196
07/04/2019,2.63,0.37,183,1.13,2.53,690,242
08/04/2019,3.92,0.3,123,1.21,2.75,619,186
09/04/2019,3.72,0.36,115,1.12,2.5,542,193
10/04/2019,2.85,0.4,91,1.2,2.48,461,155
11/04/2019,3.73,0.33,100,1.23,2.59,528,166
12/04/2019,2.62,0.38,100,1.21,2.41,426,146
13/04/2019,3.08,0.39,112,1.22,2.38,492,169
14/04/2019,4.03,0.34,129,1.2,2.56,573,186
15/04/2019,3.18,0.34,144,1.11,2.32,510,198
16/04/2019,3.43,0.34,184,1.13,2.51,687,243
17/04/2019,1.95,0.34,205,1.12,2.29,709,277
18/04/2019,3.35,0.26,182,1.15,2.26,725,278
19/04/2019,3.77,0.28,269,1.14,2.18,913,366
20/04/2019,3.33,0.31,197,1.16,2.19,689,271
21/04/2019,3.13,0.33,150,1.2,2.18,612,235
22/04/2019,3.17,0.31,140,1.25,2.19,580,212
23/04/2019,3.12,0.37,121,1.13,2.01,405,178
24/04/2019,3.03,0.29,157,1.2,2.15,589,229
25/04/2019,2.7,0.39,129,1.15,2.09,445,185
26/04/2019,3.35,0.35,86,1.25,2.1,374,142
27/04/2019,2.33,0.32,164,1.08,2.17,498,213
28/04/2019,2.73,0.44,144,1.17,2.01,490,208
29/04/2019,2.95,0.39,93,1.15,2.2,370,146
30/04/2019,3.05,0.46,115,1.15,2.17,432,173
01/05/2019,3,0.37,100,1.19,2.14,381,150
02/05/2019,2.83,0.37,112,1.24,2.17,411,153
03/05/2019,2.77,0.42,104,1.22,2.24,436,160
04/05/2019,3.33,0.38,135,1.18,2.33,555,201
05/05/2019,3.58,0.37,123,1.2,2.1,444,176
06/05/2019,4.23,0.35,122,1.22,2.25,496,181
07/05/2019,3.27,0.42,91,1.14,2.07,329,140
08/05/2019,3.18,0.46,117,1.17,1.86,372,171
09/05/2019,3.1,0.35,106,1.1,1.96,320,148
10/05/2019,3.52,0.36,109,1.21,2.15,415,160
11/05/2019,3.07,0.33,105,1.08,2.27,367,150
12/05/2019,3.68,0.31,119,1.15,2.35,495,184
13/05/2019,3.97,0.32,116,1.13,2.48,493,176
14/05/2019,5.42,0.31,80,1.21,2.45,382,129
15/05/2019,3.38,0.36,107,1.19,2.3,416,152
16/05/2019,2.85,0.33,130,1.16,2.18,480,190
17/05/2019,3.08,0.39,80,1.18,2.07,311,127
18/05/2019,3.17,0.35,119,1.18,2,440,187
19/05/2019,3.97,0.29,144,1.2,2.38,584,205
20/05/2019,3.33,0.37,161,1.18,2.53,644,216
21/05/2019,4.75,0.35,133,1.18,3.55,835,199
22/05/2019,4.75,0.36,138,1.17,3.5,917,223
23/05/2019,3.7,0.4,177,1.22,2.72,851,256
24/05/2019,4.07,0.37,148,1.19,3.08,851,232
25/05/2019,3.85,0.35,126,1.2,2.35,541,191
26/05/2019,2.63,0.36,148,1.21,2.04,566,229
27/05/2019,3.37,0.33,158,1.09,2.31,586,234
28/05/2019,4.87,0.39,170,1.14,3.54,976,242
29/05/2019,5.42,0.35,176,1.19,3.53,1062,253
30/05/2019,4.62,0.35,169,1.21,3.17,916,238
31/05/2019,6.2,0.33,163,1.26,3.99,1176,234
01/06/2019,3.93,0.36,107,1.27,2.27,457,158
02/06/2019,4.18,0.29,116,1.15,2.14,419,171
03/06/2019,3.82,0.34,111,1.15,2.78,501,157
04/06/2019,4.62,0.4,132,1.22,3.38,812,197
05/06/2019,3.23,0.36,101,1.2,2.93,571,163
06/06/2019,2.7,0.42,106,1.2,2.35,470,166
07/06/2019,2.45,0.46,90,1.22,1.97,367,152
08/06/2019,3.95,0.4,105,1.17,1.98,362,157
09/06/2019,3.82,0.32,148,1.22,2.2,570,212
10/06/2019,3.43,0.34,115,1.19,2.15,467,183
11/06/2019,3.57,0.37,120,1.21,2.18,455,173
12/06/2019,3.6,0.37,139,1.14,2.12,465,192
13/06/2019,3.25,0.43,121,1.18,2.99,622,177
14/06/2019,2.03,0.36,273,1.1,2.17,856,358
15/06/2019,2.3,0.41,148,1.14,2.13,525,216
16/06/2019,3.05,0.35,130,1.18,2.24,525,198
17/06/2019,2.65,0.45,118,1.12,2.32,469,181
18/06/2019,2.12,0.37,125,1.11,2.18,436,180
19/06/2019,2.88,0.44,117,1.18,2.68,563,178
20/06/2019,4.2,0.37,127,1.17,2.58,558,184
21/06/2019,4.83,0.39,142,1.16,3.58,826,199
22/06/2019,3.35,0.37,101,1.14,2.15,346,141
23/06/2019,2.5,0.41,120,1.11,2.12,438,186
24/06/2019,5.35,0.37,117,1.16,3.45,658,164
25/06/2019,5.32,0.36,106,1.27,2.88,587,161
26/06/2019,2.72,0.42,97,1.18,2.09,341,138
27/06/2019,3.42,0.38,118,1.15,3.06,567,161
28/06/2019,3.23,0.39,93,1.16,2.16,343,137
29/06/2019,2.72,0.46,123,1.21,1.98,408,170
30/06/2019,3.43,0.41,113,1.16,2.01,380,163
01/07/2019,2.78,0.44,147,1.08,2.07,483,215
02/07/2019,2.13,0.43,114,1.14,2.07,416,176
03/07/2019,3.8,0.33,153,1.16,2.09,488,202
04/07/2019,2.2,0.32,229,1.1,1.99,592,269
05/07/2019,3.05,0.44,97,1.2,2.52,462,153
06/07/2019,3.05,0.39,85,1.17,1.99,295,126
07/07/2019,4.1,0.36,132,1.18,3,623,176
08/07/2019,3.75,0.37,141,1.18,2.93,697,202
09/07/2019,3.87,0.41,165,1.26,2.57,728,224
10/07/2019,3.03,0.37,127,1.15,2.46,533,189
11/07/2019,4.35,0.33,106,1.08,2.2,378,159
12/07/2019,3.45,0.4,92,1.11,2.23,303,123
13/07/2019,4,0.32,108,1.1,2.35,365,141
14/07/2019,2.07,0.41,96,1.15,2.15,323,131
15/07/2019,3.23,0.47,123,1.14,2.06,400,170
16/07/2019,3,0.42,116,1.17,2.11,357,145
17/07/2019,4.22,0.35,108,1.14,2.42,412,149
18/07/2019,3.12,0.38,97,1.09,1.92,273,130
19/07/2019,3.73,0.35,104,1.13,2.21,343,137
20/07/2019,4.65,0.33,106,1.09,2.39,378,145
21/07/2019,3.25,0.32,103,1.18,1.99,308,131
22/07/2019,2.63,0.41,113,1.08,2.11,327,144
23/07/2019,2.68,0.41,67,1.12,2.1,220,94
24/07/2019,3.38,0.29,119,1.1,2.34,418,163
25/07/2019,3.38,0.28,159,1.13,2.52,570,200
26/07/2019,4.45,0.29,92,1.12,2.77,402,130
27/07/2019,3.58,0.31,135,1.09,2.49,470,174
28/07/2019,3.85,0.34,136,1.12,2.43,511,187
29/07/2019,3.67,0.36,146,1.11,2.37,491,186
30/07/2019,2.5,0.38,150,1.11,2.19,467,192
31/07/2019,2.7,0.42,154,1.16,2.14,504,204
01/08/2019,3.05,0.38,106,1.13,1.94,313,142
02/08/2019,3.98,0.35,76,1.18,2.38,317,113
03/08/2019,3.63,0.32,107,1.15,2.2,332,131
04/08/2019,3.6,0.29,251,1.17,2.01,732,310
05/08/2019,3.17,0.36,164,1.17,2.15,561,223
06/08/2019,3.5,0.34,145,1.19,2.23,524,197
07/08/2019,3.2,0.35,130,1.11,2.22,424,172
08/08/2019,3.73,0.38,119,1.12,2.23,365,146
09/08/2019,3.57,0.36,116,1.12,2.27,402,158
10/08/2019,3.5,0.31,109,1.19,2.41,402,140
11/08/2019,3.57,0.33,117,1.15,2.21,409,161
12/08/2019,2.3,0.41,138,1.07,2.1,395,175
13/08/2019,2.6,0.37,105,1.13,1.95,333,151
14/08/2019,2.87,0.34,129,1.08,2.22,399,167
15/08/2019,4.12,0.32,121,1.14,2.16,368,149
16/08/2019,4.25,0.34,109,1.15,2.09,362,151
17/08/2019,3.52,0.44,99,1.07,2.22,308,130
18/08/2019,3.62,0.37,135,1.15,2.21,413,163
19/08/2019,4.4,0.37,117,1.22,2.16,425,162
20/08/2019,2.93,0.34,116,1.15,2.44,444,158
21/08/2019,4.37,0.36,113,1.24,2.29,438,154
22/08/2019,3.05,0.27,238,1.15,2.67,866,281
23/08/2019,3.32,0.4,131,1.17,2.75,561,175
24/08/2019,3.45,0.35,98,1.17,2.44,386,135
25/08/2019,3.33,0.33,101,1.16,2.47,407,142
26/08/2019,4.43,0.36,91,1.19,2.28,346,128
27/08/2019,3.68,0.3,112,1.18,2.24,414,157
28/08/2019,4,0.4,163,1.1,2.14,481,204
29/08/2019,3.32,0.35,144,1.18,2.61,548,178
30/08/2019,4.37,0.32,116,1.21,2.95,557,156
31/08/2019,2.98,0.39,124,1.13,2.39,439,163
01/09/2019,4.92,0.33,151,1.16,2.39,517,187
02/09/2019,4.38,0.34,152,1.13,2.87,640,197
03/09/2019,3.62,0.31,119,1.18,2.5,477,162
04/09/2019,4.15,0.31,161,1.21,3.29,842,212
05/09/2019,3.03,0.29,254,1.18,3.38,1242,310
06/09/2019,2.63,0.38,202,1.19,2.93,881,254
07/09/2019,3.2,0.43,148,1.14,2.89,655,199
08/09/2019,3.72,0.33,126,1.17,3.19,628,168
09/09/2019,3.17,0.33,148,1.17,3.16,759,205
10/09/2019,4.07,0.3,156,1.21,3.31,804,201
11/09/2019,4.1,0.34,125,1.27,3.66,838,180
12/09/2019,3.23,0.36,149,1.21,3.36,796,196
13/09/2019,3.5,0.33,152,1.15,3.14,662,184
14/09/2019,2.1,0.25,378,1.08,3.17,1473,429
15/09/2019,3.65,0.3,203,1.14,3.35,976,255
16/09/2019,3.47,0.42,129,1.11,3.27,631,174
17/09/2019,3.33,0.38,141,1.11,3.37,664,178
18/09/2019,3.07,0.43,154,1.15,3.19,721,197
19/09/2019,3.15,0.39,150,1.14,3.25,701,190
20/09/2019,3.25,0.43,89,1.16,3.18,483,131
21/09/2019,2.77,0.38,150,1.17,3.09,664,183
22/09/2019,2.15,0.42,224,1.12,2.84,810,255
23/09/2019,2.67,0.44,190,1.17,2.97,815,234
24/09/2019,2.77,0.44,205,1.15,2.92,799,239
25/09/2019,2.77,0.45,189,1.15,3.08,839,236
26/09/2019,3.35,0.4,205,1.18,3.42,1009,250
27/09/2019,3.95,0.45,171,1.23,3.09,820,216
28/09/2019,3.68,0.45,184,1.22,3.61,1014,231
29/09/2019,3.35,0.45,201,1.14,3.27,959,256
30/09/2019,3.32,0.4,216,1.14,3.5,1078,270
01/10/2019,2.62,0.43,170,1.13,2.83,701,219
02/10/2019,3.13,0.44,190,1.11,3.14,867,248
03/10/2019,2.67,0.35,300,1.09,3.35,1301,357
04/10/2019,2.53,0.4,348,1.11,3.25,1468,407
05/10/2019,2.95,0.44,250,1.13,3.26,1109,302
06/10/2019,2.97,0.41,279,1.09,3.27,1173,329
07/10/2019,2.68,0.45,335,1.08,2.89,1193,383
08/10/2019,2.53,0.48,303,1.1,2.76,1091,358
09/10/2019,3.43,0.41,225,1.15,3.77,1200,276
10/10/2019,3.12,0.44,249,1.11,3.01,1013,302
11/10/2019,2.73,0.45,202,1.16,3.2,930,251
12/10/2019,2.3,0.46,205,1.1,2.98,822,251
13/10/2019,2.05,0.49,256,1.08,2.75,873,293
14/10/2019,2.97,0.46,228,1.1,3.12,900,261
15/10/2019,1.92,0.47,237,1.06,2.71,795,276
16/10/2019,2.67,0.44,231,1.13,3.11,1019,291
17/10/2019,2.47,0.43,236,1.1,3.37,1029,277
18/10/2019,2.42,0.5,213,1.13,2.85,832,259
19/10/2019,2.65,0.44,209,1.11,2.93,800,247
20/10/2019,2.25,0.41,275,1.08,2.95,1010,316
21/10/2019,2.5,0.45,239,1.09,2.88,905,287
22/10/2019,2.02,0.43,231,1.11,3.05,936,276
23/10/2019,2.98,0.45,216,1.1,3.3,947,261
24/10/2019,2.05,0.42,222,1.14,2.74,866,276
25/10/2019,1.95,0.44,204,1.13,2.5,725,256
26/10/2019,2.92,0.4,265,1.12,2.51,872,310
27/10/2019,2.67,0.44,244,1.17,2.54,854,288
28/10/2019,2.3,0.43,264,1.14,2.72,953,308
29/10/2019,2.63,0.43,222,1.08,2.97,859,267
30/10/2019,2.37,0.43,227,1.1,2.72,806,269
31/10/2019,3.25,0.37,259,1.12,3.36,1174,313
01/11/2019,2.53,0.34,352,1.14,2.78,1277,404
02/11/2019,2.75,0.39,275,1.14,2.63,1012,339
03/11/2019,2.8,0.36,401,1.16,2.67,1467,473
04/11/2019,2.32,0.39,323,1.11,2.69,1163,390
05/11/2019,2.22,0.45,247,1.11,2.63,906,310
06/11/2019,3.32,0.35,240,1.15,3.01,1079,312
07/11/2019,2.57,0.44,255,1.15,2.57,919,311
08/11/2019,2.13,0.34,193,1.15,2.78,798,250
09/11/2019,2.77,0.4,206,1.12,2.67,788,263
10/11/2019,3.23,0.36,245,1.1,2.8,934,303
11/11/2019,2.27,0.44,197,1.09,2.76,727,241
12/11/2019,2.43,0.48,324,1.14,2.55,1176,406
13/11/2019,2.57,0.47,277,1.11,2.85,1053,332
14/11/2019,4.95,0.33,741,1.15,4.42,4362,862
15/11/2019,4.43,0.32,982,1.18,5.26,7065,1142
16/11/2019,5.13,0.31,725,1.25,6.3,7202,912
17/11/2019,4.47,0.33,951,1.18,5.83,7919,1149
18/11/2019,4.28,0.34,662,1.18,5.18,5117,837
19/11/2019,4.32,0.31,542,1.16,5.16,4176,696
20/11/2019,4.38,0.36,406,1.18,4.84,3221,565
21/11/2019,3.75,0.38,398,1.15,4.28,2782,563
22/11/2019,3.25,0.42,378,1.12,3.71,2238,536
23/11/2019,2.73,0.39,443,1.16,3.55,2415,586
24/11/2019,3.1,0.37,453,1.16,3.67,2524,594
25/11/2019,2.68,0.38,360,1.16,3.58,2114,507
26/11/2019,2.85,0.38,336,1.21,3.41,1907,463
27/11/2019,2.7,0.39,662,1.14,3.15,3066,851
28/11/2019,2.52,0.4,1028,1.2,2.91,4512,1291
29/11/2019,2.27,0.36,716,1.18,2.8,3194,963
30/11/2019,2.93,0.41,415,1.14,3.23,2104,573
01/12/2019,2.28,0.44,455,1.16,2.9,2012,599
02/12/2019,2.65,0.42,406,1.14,3.08,1950,553
03/12/2019,1.73,0.42,319,1.09,3.02,1348,408
04/12/2019,2.72,0.43,277,1.12,3.23,1303,360
05/12/2019,2.3,0.45,288,1.09,3.48,1352,356
06/12/2019,2.68,0.43,283,1.11,3.37,1351,362
07/12/2019,1.95,0.48,243,1.09,3.12,992,292
08/12/2019,1.95,0.44,294,1.11,3.25,1314,363
09/12/2019,3.47,0.42,311,1.12,3.85,1589,370
10/12/2019,2.33,0.43,307,1.18,3.28,1422,367
11/12/2019,2.3,0.35,498,1.14,3.42,2267,583
12/12/2019,2.35,0.42,480,1.11,3.2,2004,563
13/12/2019,2.05,0.53,204,1.13,3.07,959,277
14/12/2019,2.25,0.44,201,1.11,3.42,1003,265
15/12/2019,2.17,0.42,434,1.11,2.96,1699,519
16/12/2019,2.05,0.45,259,1.18,2.96,1202,344
17/12/2019,3.3,0.42,253,1.2,3.43,1361,330
18/12/2019,2.48,0.43,242,1.13,3.15,1078,302
19/12/2019,2.98,0.35,215,1.12,3.69,1139,277
20/12/2019,2.52,0.45,236,1.16,3.27,1182,311
21/12/2019,2.4,0.4,189,1.16,3.37,1005,258
22/12/2019,2.07,0.4,274,1.1,3.01,1112,337
23/12/2019,2.58,0.37,260,1.18,3.32,1298,331
24/12/2019,2.22,0.39,255,1.13,2.95,1131,340
25/12/2019,2.72,0.39,364,1.18,3.11,1727,472
26/12/2019,2.95,0.36,487,1.2,3.2,2464,644
27/12/2019,2.98,0.37,348,1.15,3.28,1763,466
28/12/2019,2.52,0.46,301,1.18,2.7,1271,398
29/12/2019,2.02,0.44,329,1.14,2.8,1280,402
30/12/2019,2.62,0.36,320,1.13,3.41,1586,411
31/12/2019,2.42,0.41,243,1.19,3.03,1144,318
01/01/2020,2.5,0.39,241,1.17,3.14,1198,326
02/01/2020,2.98,0.39,280,1.13,3.6,1491,365
03/01/2020,2.3,0.44,266,1.19,3.06,1316,362
04/01/2020,2.68,0.4,255,1.17,3.33,1263,324
05/01/2020,2.65,0.4,314,1.12,3.01,1288,382
06/01/2020,2.6,0.42,253,1.15,3.29,1233,327
07/01/2020,2.18,0.38,268,1.12,3.3,1189,322
08/01/2020,2.82,0.47,262,1.1,3.13,1138,330
09/01/2020,2.93,0.43,228,1.14,3.53,1221,304
10/01/2020,1.67,0.51,190,1.17,2.72,811,255
11/01/2020,2.08,0.61,347,1.09,2.62,1177,414
12/01/2020,1.43,0.64,531,1.06,2.29,1440,595
13/01/2020,1.38,0.69,521,1.07,2.13,1351,591
14/01/2020,1.77,0.58,318,1.13,2.59,1136,388
15/01/2020,2.7,0.39,206,1.14,3.25,946,256
16/01/2020,2.03,0.41,195,1.16,3.06,927,261
17/01/2020,1.9,0.48,195,1.15,2.76,758,240
18/01/2020,2.15,0.38,184,1.09,3.09,788,235
19/01/2020,3.22,0.34,298,1.15,3.64,1656,395
20/01/2020,2.73,0.33,247,1.11,3.73,1282,309
21/01/2020,2.9,0.41,199,1.08,3.49,954,252
22/01/2020,2.35,0.39,180,1.13,3.29,879,237
23/01/2020,2.4,0.46,195,1.13,3.07,871,251
24/01/2020,2.68,0.37,154,1.13,3.28,751,202
25/01/2020,2.28,0.4,169,1.14,3.08,734,209
26/01/2020,2,0.41,223,1.14,2.89,913,278
27/01/2020,2.65,0.42,164,1.15,3.3,832,220
28/01/2020,3.05,0.43,183,1.17,3.58,1010,242
29/01/2020,2.62,0.4,167,1.11,3.41,828,218
30/01/2020,2.5,0.43,153,1.11,3.01,654,196
31/01/2020,2.25,0.39,140,1.15,2.92,620,185
01/02/2020,2.23,0.37,156,1.15,3.24,781,209
02/02/2020,2.57,0.36,191,1.13,3.77,1048,245
03/02/2020,1.8,0.46,185,1.08,2.67,676,234
04/02/2020,1.72,0.4,169,1.12,2.96,720,217
05/02/2020,2.63,0.37,163,1.13,3.53,805,201
06/02/2020,3.08,0.39,183,1.16,3.55,955,231
07/02/2020,1.82,0.45,141,1.1,3.08,625,184
08/02/2020,2.78,0.44,162,1.11,3.22,743,209
09/02/2020,2.55,0.33,205,1.13,3.38,1014,265
10/02/2020,2.47,0.41,198,1.1,3.54,1047,269
11/02/2020,1.43,0.39,184,1.1,2.97,778,239
12/02/2020,2.53,0.39,128,1.11,3.23,640,178
13/02/2020,2.08,0.44,126,1.16,3.37,674,173
14/02/2020,2.72,0.47,120,1.16,3.24,610,162
15/02/2020,2.22,0.46,139,1.14,3.16,610,170
16/02/2020,3.05,0.38,173,1.16,3.54,938,228
17/02/2020,1.82,0.48,135,1.11,2.82,563,180
18/02/2020,2.88,0.36,108,1.12,3.5,577,147
19/02/2020,2.07,0.4,123,1.14,3.25,581,157
20/02/2020,2.08,0.44,140,1.13,2.98,608,181
21/02/2020,3.65,0.36,104,1.16,3.99,614,133
22/02/2020,3.5,0.34,108,1.2,4.35,722,138
23/02/2020,2.42,0.4,120,1.17,2.95,563,163
24/02/2020,2.58,0.39,87,1.12,3.51,484,123
25/02/2020,2.43,0.44,113,1.14,3.59,629,153
26/02/2020,2.68,0.37,105,1.1,3.33,500,136
27/02/2020,2.43,0.46,124,1.19,2.92,549,158
28/02/2020,1.52,0.53,164,1.11,2.45,592,219
29/02/2020,2.75,0.46,120,1.19,3.42,657,162
01/03/2020,5.02,0.29,271,1.27,5.53,2355,336
02/03/2020,2.52,0.43,243,1.18,3.57,1331,316
03/03/2020,2.22,0.44,87,1.2,3.11,532,143
04/03/2020,1.78,0.47,118,1.17,2.71,534,169
05/03/2020,1.9,0.41,115,1.13,2.67,451,149
06/03/2020,1.9,0.43,122,1.17,2.71,515,162
07/03/2020,2.67,0.44,92,1.16,2.93,457,134
08/03/2020,2.65,0.38,163,1.18,3.35,787,199
09/03/2020,1.37,0.5,170,1.14,2.74,653,209
10/03/2020,2.07,0.39,99,1.2,3.12,537,143
11/03/2020,2.5,0.47,109,1.11,2.59,407,141
12/03/2020,1.97,0.38,90,1.08,3.15,431,127
13/03/2020,2.75,0.35,63,1.13,3.68,372,89
14/03/2020,2.18,0.41,105,1.15,3.27,490,131
15/03/2020,2,0.31,132,1.1,3.11,607,178
16/03/2020,2,0.55,97,1.17,2.29,352,132
17/03/2020,2.23,0.49,95,1.13,2.6,361,123
18/03/2020,2.63,0.39,83,1.08,3.31,387,108
19/03/2020,2.73,0.44,64,1.07,2.81,270,90
20/03/2020,2.4,0.32,63,1.12,3.05,284,83
21/03/2020,2.5,0.38,86,1.21,2.97,377,105
22/03/2020,2.6,0.26,73,1.07,3.85,393,95
23/03/2020,2.32,0.49,101,1.18,2.89,489,143
24/03/2020,2.63,0.33,88,1.12,3.04,429,126
25/03/2020,3.02,0.47,98,1.18,2.99,460,130
26/03/2020,2.55,0.34,100,1.08,3.22,454,130
27/03/2020,3.15,0.34,107,1.13,3.47,545,139
28/03/2020,2.42,0.43,163,1.09,3.01,680,207
29/03/2020,2.65,0.34,217,1.13,3.26,984,267
30/03/2020,2.9,0.41,177,1.13,3.29,827,223
31/03/2020,2.55,0.42,146,1.17,3.02,682,193
01/04/2020,4.2,0.25,209,1.2,4.12,1291,261
02/04/2020,3.72,0.3,130,1.17,4.38,859,168
03/04/2020,2.72,0.36,100,1.17,3.63,632,149
04/04/2020,4.27,0.27,103,1.19,3.65,631,145
05/04/2020,2.48,0.31,140,1.12,3.37,695,184
06/04/2020,3.25,0.34,152,1.17,3.3,778,202
07/04/2020,2.85,0.36,129,1.13,3.46,672,172
08/04/2020,2.58,0.4,146,1.09,3.37,671,183
09/04/2020,2.98,0.37,103,1.2,3.13,536,142
10/04/2020,2.77,0.33,140,1.24,2.88,699,196
11/04/2020,3.15,0.31,161,1.19,3.35,832,208
12/04/2020,2.73,0.37,136,1.19,3.26,704,181
13/04/2020,3.05,0.44,183,1.14,2.68,729,238
14/04/2020,2.95,0.38,130,1.14,3.11,628,177
15/04/2020,4.92,0.42,103,1.27,3.56,683,151
16/04/2020,3.77,0.41,132,1.25,2.92,642,176
17/04/2020,3.68,0.42,113,1.32,3.47,733,160
18/04/2020,6.35,0.38,157,1.25,4.31,1117,207
19/04/2020,5.22,0.41,117,1.25,3.33,692,167
20/04/2020,5.02,0.48,193,1.2,3.38,1065,262
21/04/2020,4.48,0.43,122,1.3,3.33,732,169
22/04/2020,3.58,0.39,141,1.27,3.34,879,207
23/04/2020,3.97,0.4,121,1.23,3.16,683,176
24/04/2020,6.73,0.34,132,1.27,4.08,938,181
25/04/2020,6.1,0.4,118,1.25,3.72,796,171
26/04/2020,4.05,0.46,191,1.22,3.09,1030,273
27/04/2020,3.03,0.42,245,1.2,3.26,1246,318
28/04/2020,6.27,0.31,247,1.22,4.07,1621,327
29/04/2020,3.85,0.45,275,1.18,3.02,1202,338
30/04/2020,2.22,0.45,250,1.16,2.64,1023,333
01/05/2020,3.18,0.38,197,1.2,3.08,942,256
02/05/2020,3.22,0.44,126,1.15,2.85,559,170
03/05/2020,2.13,0.38,284,1.12,2.96,1257,380
04/05/2020,2.38,0.43,257,1.18,2.89,1176,346
05/05/2020,3.4,0.37,142,1.32,2.93,797,206
06/05/2020,4.07,0.35,153,1.28,3.66,919,196
07/05/2020,5.1,0.39,147,1.25,3.64,933,205
08/05/2020,3.08,0.45,174,1.2,2.95,856,241
09/05/2020,2.9,0.5,185,1.14,2.65,744,246
10/05/2020,2.48,0.39,224,1.14,3.06,1080,310
11/05/2020,2.28,0.45,195,1.15,2.83,856,263
12/05/2020,2.98,0.4,142,1.14,2.84,616,191
13/05/2020,2.35,0.48,144,1.17,2.96,654,189
14/05/2020,3.38,0.4,115,1.14,3.25,578,156
15/05/2020,3.6,0.49,147,1.23,3.09,789,207
16/05/2020,4.47,0.44,156,1.26,3.45,944,217
17/05/2020,5.13,0.35,136,1.14,3.45,721,184
18/05/2020,2.08,0.57,196,1.17,2.54,771,258
19/05/2020,4.52,0.41,132,1.31,4.28,981,175
20/05/2020,3.48,0.36,422,1.21,3.7,2361,528
21/05/2020,3.1,0.46,252,1.18,2.91,1079,315
22/05/2020,3.58,0.47,197,1.26,3.15,1101,278
23/05/2020,2.43,0.49,205,1.22,2.84,1014,292
24/05/2020,2.4,0.47,185,1.18,2.75,794,245
25/05/2020,2.5,0.55,227,1.22,2.54,1054,339
26/05/2020,2.73,0.55,258,1.18,2.68,1244,392
27/05/2020,3.2,0.48,153,1.22,3.08,845,224
28/05/2020,2.18,0.61,234,1.12,2.39,951,355
29/05/2020,2.28,0.64,296,1.18,2.29,1349,499
30/05/2020,2.12,0.58,267,1.15,2.34,1258,468
31/05/2020,2.55,0.51,189,1.15,2.61,909,303
01/06/2020,1.97,0.56,212,1.13,2.39,895,332
02/06/2020,3.27,0.46,150,1.2,2.85,758,221
03/06/2020,1.72,0.53,283,1.18,2.11,1190,477
04/06/2020,3.57,0.49,200,1.17,2.96,1020,295
05/06/2020,2.97,0.55,199,1.19,2.8,1001,301
06/06/2020,3.38,0.51,167,1.18,2.83,843,252
07/06/2020,3.32,0.56,229,1.22,2.95,1315,366
08/06/2020,2.02,0.55,299,1.18,2.27,1380,516
09/06/2020,4.82,0.55,166,1.32,3.18,1188,283
10/06/2020,2.8,0.59,235,1.18,2.34,1126,407
11/06/2020,2.65,0.56,423,1.2,2.32,1766,633
12/06/2020,1.47,0.6,441,1.18,2.06,1970,811
13/06/2020,1.63,0.57,343,1.12,2.34,1322,506
14/06/2020,1.48,0.64,293,1.11,2.13,1060,450
15/06/2020,1.93,0.57,330,1.14,2.37,1431,532
16/06/2020,2.7,0.54,233,1.15,2.51,980,340
17/06/2020,2.18,0.55,271,1.19,2.6,1376,445
18/06/2020,1.67,0.59,271,1.15,2.29,1293,493
19/06/2020,2.78,0.53,242,1.14,2.74,1235,396
20/06/2020,1.67,0.58,224,1.12,2.18,823,338
21/06/2020,2.15,0.58,204,1.14,2.4,867,316
22/06/2020,2.62,0.59,228,1.16,2.74,1157,365
23/06/2020,2.67,0.54,406,1.12,3.03,2362,694
24/06/2020,2,0.53,277,1.11,2.57,1249,439
25/06/2020,4.77,0.44,148,1.21,3.72,994,220
26/06/2020,2.75,0.44,154,1.15,3.07,790,224
27/06/2020,2.33,0.44,140,1.15,3.24,767,206
28/06/2020,3.23,0.52,200,1.18,2.88,964,283
29/06/2020,3.5,0.48,211,1.14,3.19,1013,279
30/06/2020,3.42,0.46,185,1.23,3.3,1182,291
01/07/2020,3.32,0.48,195,1.22,3,1109,304
02/07/2020,2.8,0.56,243,1.18,2.8,1318,399
03/07/2020,2.25,0.57,260,1.17,2.72,1231,388
04/07/2020,2.7,0.48,181,1.16,3.08,862,242
05/07/2020,2.07,0.5,168,1.17,2.64,763,247
06/07/2020,2.28,0.45,160,1.19,3.25,891,231
07/07/2020,3.27,0.44,149,1.21,3.4,847,206
08/07/2020,3.7,0.51,162,1.2,2.99,855,238
09/07/2020,3.23,0.52,161,1.19,2.77,817,248
10/07/2020,2.35,0.56,221,1.17,2.46,1002,349
11/07/2020,2,0.58,221,1.13,2.34,898,340
12/07/2020,2.37,0.46,155,1.16,2.67,658,212
13/07/2020,2.15,0.48,191,1.17,3.01,923,263
14/07/2020,2.42,0.54,184,1.15,2.62,822,273
15/07/2020,2.4,0.64,374,1.16,2.37,1532,558
16/07/2020,3.7,0.48,222,1.18,3.44,1299,319
17/07/2020,2.15,0.58,273,1.15,2.44,1060,376
18/07/2020,1.72,0.58,242,1.08,2.53,1014,372
19/07/2020,2.88,0.36,341,1.15,3.1,1544,434
20/07/2020,2.28,0.5,420,1.18,2.8,1841,556
21/07/2020,2.73,0.47,350,1.17,2.79,1598,488
22/07/2020,2.88,0.49,315,1.16,2.96,1638,475
23/07/2020,3.12,0.45,313,1.18,2.98,1551,443
24/07/2020,1.97,0.51,388,1.18,2.54,1704,571
25/07/2020,2.38,0.44,316,1.21,2.82,1427,419
26/07/2020,2.6,0.38,287,1.18,3.04,1305,363
27/07/2020,2.63,0.48,456,1.2,2.89,2323,671
28/07/2020,2.82,0.47,432,1.16,2.96,1944,566
29/07/2020,2.27,0.52,364,1.17,3.07,1820,508
30/07/2020,1.98,0.52,278,1.15,2.75,1198,379
31/07/2020,1.63,0.53,338,1.15,2.31,1239,465
01/08/2020,2.65,0.54,220,1.15,3.06,1035,293
02/08/2020,2.68,0.46,285,1.15,2.85,1299,394
03/08/2020,3.32,0.44,299,1.23,3.64,1822,408
04/08/2020,2.85,0.5,216,1.16,3.41,1189,301
05/08/2020,3.33,0.49,270,1.26,2.89,1336,366
06/08/2020,3.43,0.54,211,1.21,3.22,1183,304
07/08/2020,1.68,0.6,200,1.11,2.43,879,324
08/08/2020,1.82,0.59,175,1.08,2.71,678,232
09/08/2020,2.77,0.46,181,1.19,3.02,910,253
10/08/2020,2.37,0.53,207,1.13,2.91,983,299
11/08/2020,2.03,0.6,203,1.15,2.46,798,282
12/08/2020,2.13,0.57,234,1.15,2.56,1112,377
13/08/2020,2.75,0.47,177,1.17,3.01,883,250
14/08/2020,2.38,0.52,205,1.15,3.12,1017,284
15/08/2020,4.5,0.46,152,1.17,4.13,984,204
16/08/2020,4.02,0.41,176,1.16,4.08,1069,226
17/08/2020,2.52,0.51,218,1.14,3.04,1171,338
18/08/2020,3.17,0.46,161,1.16,3.18,896,244
19/08/2020,2.05,0.53,182,1.1,2.61,734,256
20/08/2020,2.12,0.51,137,1.13,2.71,536,175
21/08/2020,3.25,0.44,138,1.16,3.18,705,192
22/08/2020,2.85,0.48,133,1.13,3.17,641,179
23/08/2020,2.78,0.42,185,1.13,3.64,940,228
24/08/2020,2.05,0.43,200,1.11,3.3,936,256
25/08/2020,2.2,0.49,247,1.09,2.71,1008,341
26/08/2020,2.18,0.5,230,1.12,3.3,1068,290
27/08/2020,2.55,0.43,247,1.16,3.37,1245,318
28/08/2020,3.25,0.4,288,1.12,5.42,2094,346
29/08/2020,1.82,0.39,252,1.09,3.5,1197,313
30/08/2020,3.37,0.25,487,1.13,4.54,2977,578
31/08/2020,2.73,0.38,424,1.17,3.89,2443,537
01/09/2020,2.92,0.39,293,1.15,3.86,1812,407
02/09/2020,3.33,0.33,319,1.14,4.49,2105,413
03/09/2020,2.43,0.34,274,1.14,3.65,1448,348
04/09/2020,3.08,0.39,251,1.14,4.16,1414,297
05/09/2020,2.7,0.38,188,1.17,3.77,1096,249
06/09/2020,2.43,0.37,298,1.14,3.93,1692,377
07/09/2020,2.57,0.37,379,1.12,3.84,1991,464
08/09/2020,2.3,0.37,263,1.14,3.6,1448,352
09/09/2020,3,0.42,268,1.14,3.88,1569,355
10/09/2020,2.35,0.45,244,1.1,3.59,1237,315
11/09/2020,2.67,0.45,215,1.14,3.51,1120,280
12/09/2020,2.37,0.45,233,1.12,3.42,1126,294
13/09/2020,2.75,0.35,411,1.1,3.72,2025,497
14/09/2020,2.65,0.41,313,1.13,3.86,1699,391
15/09/2020,3,0.35,312,1.12,4.3,1809,375
16/09/2020,2.52,0.43,255,1.14,3.58,1269,310
17/09/2020,3.4,0.41,216,1.15,3.89,1224,275
18/09/2020,2.25,0.43,183,1.13,3.54,955,238
19/09/2020,2.95,0.36,172,1.13,3.96,998,223
20/09/2020,2.15,0.45,318,1.14,3.43,1484,381
21/09/2020,2.65,0.42,190,1.2,3.56,1081,254
22/09/2020,2.85,0.41,206,1.13,3.7,1166,279
23/09/2020,2.48,0.37,239,1.08,3.68,1177,295
24/09/2020,2.23,0.37,214,1.15,3.26,1053,281
25/09/2020,3.12,0.38,222,1.16,3.9,1299,288
26/09/2020,2.58,0.36,278,1.14,3.81,1463,336
27/09/2020,2.67,0.35,284,1.1,3.64,1453,362
28/09/2020,2.37,0.4,281,1.12,3.42,1422,370
29/09/2020,2.87,0.43,250,1.16,3.6,1368,329
30/09/2020,2.47,0.4,234,1.12,3.48,1181,303
01/10/2020,1.83,0.43,200,1.15,3.02,897,259
02/10/2020,2.3,0.37,204,1.11,3.51,1024,264
03/10/2020,2.42,0.45,234,1.12,3.35,1052,280
04/10/2020,2.55,0.34,283,1.17,3.78,1500,340
05/10/2020,2.43,0.43,210,1.15,3.35,1062,276
06/10/2020,2.28,0.42,190,1.1,3.47,955,249
07/10/2020,2.43,0.44,213,1.13,3.4,975,255
08/10/2020,2.38,0.39,194,1.12,3.59,990,246
09/10/2020,1.88,0.52,201,1.12,3.11,897,256
10/10/2020,2.7,0.43,185,1.11,3.31,830,227
11/10/2020,2.75,0.41,234,1.13,3.75,1204,284
12/10/2020,2.77,0.44,189,1.16,3.39,914,232
13/10/2020,2.17,0.41,231,1.12,3.41,1090,285
14/10/2020,2.12,0.42,201,1.07,3.61,961,248
15/10/2020,2.52,0.46,200,1.11,3.51,924,238
16/10/2020,2.2,0.44,155,1.11,3.22,693,193
17/10/2020,2.07,0.46,190,1.11,3.29,845,231
18/10/2020,2.07,0.41,234,1.11,3.42,1053,278
19/10/2020,4.08,0.36,179,1.14,4.39,1094,219
20/10/2020,3.57,0.42,205,1.16,4.01,1214,262
21/10/2020,1.87,0.54,181,1.13,2.65,757,252
22/10/2020,1.97,0.45,239,1.12,3.26,1136,310
23/10/2020,3.25,0.43,166,1.15,3.31,827,218
24/10/2020,2.73,0.47,168,1.15,3.16,746,205
25/10/2020,2.38,0.39,253,1.12,3.47,1200,309
26/10/2020,2.23,0.44,191,1.14,3.57,970,238
27/10/2020,2.55,0.43,200,1.16,3.23,940,251
28/10/2020,2.57,0.44,200,1.11,3.57,950,239
29/10/2020,3.13,0.45,183,1.16,3.17,825,224
30/10/2020,2.25,0.4,176,1.11,3.36,820,220
31/10/2020,2.7,0.46,154,1.17,3.48,800,196
01/11/2020,2.48,0.42,210,1.12,3.19,890,250
02/11/2020,2.05,0.46,185,1.14,3.31,897,237
03/11/2020,2.12,0.5,203,1.13,2.85,799,248
04/11/2020,3.33,0.44,198,1.11,3.56,930,235
05/11/2020,1.63,0.53,212,1.07,2.76,809,273
06/11/2020,2.42,0.48,216,1.1,3.09,893,263
07/11/2020,2.3,0.44,244,1.12,3.27,1076,295
08/11/2020,2.93,0.41,312,1.14,3.39,1524,394
09/11/2020,2.48,0.42,257,1.17,3.33,1257,324
10/11/2020,2.4,0.41,241,1.19,3.32,1185,299
11/11/2020,3.07,0.43,287,1.14,4.03,1587,345
12/11/2020,2.13,0.45,339,1.11,3.04,1375,407
13/11/2020,1.92,0.45,235,1.13,3.03,1089,317
14/11/2020,2.2,0.43,277,1.12,3.32,1283,345
15/11/2020,2.8,0.37,403,1.15,3.91,2176,485
16/11/2020,2.33,0.44,303,1.13,3.43,1492,386
17/11/2020,1.82,0.43,261,1.11,3.2,1194,335
18/11/2020,2.28,0.39,410,1.09,3.55,1945,501
19/11/2020,2.43,0.39,337,1.11,3.92,1815,419
20/11/2020,3.23,0.43,335,1.18,3.65,1761,411
21/11/2020,2.38,0.49,300,1.14,2.97,1341,394
22/11/2020,2.47,0.47,366,1.11,3.25,1630,452
23/11/2020,1.8,0.49,305,1.14,2.74,1217,391
24/11/2020,2.95,0.41,310,1.13,2.98,1355,402
25/11/2020,2.55,0.44,344,1.14,2.89,1473,447
26/11/2020,2.07,0.44,502,1.15,2.74,2046,646
27/11/2020,2.45,0.41,713,1.17,2.75,2961,922
28/11/2020,1.95,0.49,669,1.11,2.46,2273,836
29/11/2020,2.1,0.53,461,1.1,2.7,1711,575
30/11/2020,1.95,0.5,510,1.13,2.55,1762,614
01/12/2020,2.73,0.51,458,1.13,2.74,1774,575
02/12/2020,2.07,0.51,396,1.1,2.72,1482,494
03/12/2020,1.93,0.49,329,1.13,2.72,1241,405
04/12/2020,1.57,0.49,436,1.11,2.56,1536,538
05/12/2020,1.9,0.53,404,1.11,2.64,1404,477
06/12/2020,1.98,0.52,446,1.12,2.82,1813,574
07/12/2020,1.77,0.5,451,1.15,2.94,1941,575
08/12/2020,2.3,0.45,520,1.15,3.3,2375,623
09/12/2020,2.85,0.47,416,1.16,3.14,1866,515
10/12/2020,2.18,0.5,372,1.13,2.83,1435,450
11/12/2020,3.22,0.48,289,1.16,3.16,1346,367
12/12/2020,2.27,0.46,384,1.14,2.93,1761,528
13/12/2020,2.63,0.51,613,1.11,3.07,2577,754
14/12/2020,2.7,0.47,487,1.18,3.21,2361,624
15/12/2020,2.22,0.49,390,1.13,3.02,1737,508
16/12/2020,2.32,0.5,290,1.15,2.98,1301,380
17/12/2020,1.9,0.52,284,1.11,2.66,1087,367
18/12/2020,2.73,0.48,311,1.17,2.93,1410,410
19/12/2020,2.17,0.53,253,1.2,2.72,1082,332
20/12/2020,2.47,0.48,336,1.17,3.03,1598,449
21/12/2020,2.35,0.54,528,1.1,2.9,2171,678
22/12/2020,2.32,0.53,327,1.18,2.87,1411,417
23/12/2020,2.2,0.52,281,1.15,2.64,1179,388
24/12/2020,3.55,0.46,233,1.22,3.14,1244,325
25/12/2020,2.07,0.46,354,1.2,2.85,1573,461
26/12/2020,2.15,0.45,880,1.16,2.71,3575,1137
27/12/2020,2.6,0.41,592,1.14,3.06,2742,787
28/12/2020,2.6,0.46,575,1.17,2.8,2509,768
29/12/2020,1.73,0.52,512,1.11,2.64,2010,683
30/12/2020,2.17,0.52,419,1.11,2.6,1563,539
31/12/2020,3,0.41,464,1.12,3.34,2232,597
01/01/2021,2.33,0.53,389,1.12,3.12,1883,540
02/01/2021,2.03,0.55,351,1.11,2.49,1297,470
03/01/2021,1.87,0.48,368,1.11,3.02,1577,470
04/01/2021,2.15,0.47,415,1.1,2.89,1644,515
05/01/2021,2.72,0.49,301,1.11,3.31,1478,401
06/01/2021,2.37,0.52,259,1.18,2.89,1180,348
07/01/2021,2.33,0.54,345,1.12,2.76,1389,448
08/01/2021,1.77,0.53,273,1.12,2.66,1054,352
09/01/2021,1.85,0.52,295,1.1,2.82,1187,381
10/01/2021,2.15,0.51,344,1.12,2.85,1332,419
11/01/2021,1.75,0.57,389,1.09,2.72,1506,509
12/01/2021,1.82,0.58,296,1.09,2.46,973,363
13/01/2021,1.63,0.57,432,1.1,2.61,1499,522
14/01/2021,2.02,0.52,347,1.1,3.26,1561,436
15/01/2021,2,0.46,439,1.14,3.16,2015,559
16/01/2021,2.25,0.51,380,1.14,2.8,1562,489
17/01/2021,2.15,0.52,306,1.15,2.82,1285,396
18/01/2021,2.37,0.48,397,1.16,3.15,1826,501
19/01/2021,2.67,0.48,338,1.12,3.45,1706,442
20/01/2021,2.17,0.51,301,1.08,2.97,1219,380
21/01/2021,2.4,0.52,236,1.14,3.09,1083,306
22/01/2021,2.17,0.54,269,1.13,3,1199,353
23/01/2021,1.4,0.52,263,1.11,2.68,1038,349
24/01/2021,1.9,0.46,394,1.11,3.08,1652,484
25/01/2021,2.73,0.44,323,1.12,3.31,1574,424
26/01/2021,2.15,0.52,282,1.11,2.88,1106,345
27/01/2021,2.12,0.56,250,1.11,2.9,1060,328
28/01/2021,2.08,0.55,246,1.1,2.67,953,325
29/01/2021,2.2,0.54,253,1.15,2.67,1035,338
30/01/2021,1.97,0.54,234,1.14,2.72,915,295
31/01/2021,2.52,0.47,267,1.08,3.25,1206,344
01/02/2021,2.45,0.54,221,1.12,2.91,938,288
02/02/2021,1.93,0.56,242,1.14,2.58,889,302
03/02/2021,2.42,0.55,259,1.14,2.66,978,322
04/02/2021,1.72,0.58,238,1.13,2.51,825,292
05/02/2021,2.62,0.54,213,1.16,2.76,838,262
06/02/2021,1.95,0.53,225,1.14,2.64,822,274
07/02/2021,1.85,0.52,293,1.1,2.8,1099,356
08/02/2021,2.08,0.55,250,1.12,2.69,963,319
09/02/2021,2.28,0.55,239,1.14,3,1013,297
10/02/2021,3.05,0.54,207,1.19,2.7,879,273
11/02/2021,2.27,0.57,253,1.15,2.43,873,313
12/02/2021,2.63,0.62,250,1.1,2.61,886,308
13/02/2021,2.08,0.53,220,1.14,2.91,897,269
14/02/2021,2.73,0.52,284,1.12,2.77,1079,348
15/02/2021,2.72,0.51,313,1.12,3.16,1427,401
16/02/2021,2.05,0.52,242,1.12,2.82,962,304
17/02/2021,2.32,0.53,226,1.12,2.69,908,302
18/02/2021,2.57,0.51,244,1.14,2.84,996,307
19/02/2021,2.47,0.56,284,1.18,2.41,1025,360
20/02/2021,2.13,0.52,205,1.18,3.11,964,263
21/02/2021,2.98,0.47,257,1.17,3.15,1221,333
22/02/2021,2.03,0.54,376,1.14,2.73,1523,488
23/02/2021,2.72,0.52,220,1.19,3.08,1084,296
24/02/2021,2.57,0.5,248,1.13,2.92,1063,323
25/02/2021,2.38,0.54,195,1.16,2.85,842,255
26/02/2021,3.52,0.53,217,1.15,2.75,906,285
27/02/2021,2.37,0.53,166,1.16,2.93,768,226
28/02/2021,1.58,0.69,740,1.11,2.03,1861,827
01/03/2021,1.5,0.67,419,1.13,2.01,1152,506
02/03/2021,1.57,0.62,305,1.11,2.38,982,372
03/03/2021,1.77,0.61,296,1.09,2.56,1035,372
04/03/2021,2.43,0.59,267,1.11,2.53,939,333
05/03/2021,1.38,0.64,359,1.12,1.91,948,443
06/03/2021,1.73,0.67,306,1.1,2.28,931,372
07/03/2021,1.22,0.64,317,1.14,1.99,868,383
08/03/2021,1.45,0.66,290,1.12,2.12,842,355
09/03/2021,1.37,0.65,322,1.14,2.02,896,390
10/03/2021,1.2,0.67,350,1.09,1.81,852,431
11/03/2021,2.25,0.59,253,1.13,2.45,898,325
12/03/2021,1.98,0.62,238,1.11,2.33,818,316
13/03/2021,2.28,0.59,216,1.08,2.54,731,267
14/03/2021,1.53,0.58,228,1.12,2.38,746,280
15/03/2021,3.33,0.6,184,1.18,2.46,713,246
16/03/2021,1.52,0.67,286,1.11,2.01,786,353
17/03/2021,2.38,0.61,184,1.09,2.65,708,244
18/03/2021,2.62,0.54,166,1.11,3.07,741,217
19/03/2021,3.8,0.55,176,1.18,2.98,856,244
20/03/2021,1.88,0.65,206,1.14,2.21,643,255
21/03/2021,1.6,0.65,265,1.09,2.34,829,327
22/03/2021,1.98,0.67,278,1.11,2.14,821,345
23/03/2021,2.8,0.66,237,1.11,2.99,1008,304
24/03/2021,3.15,0.62,248,1.17,2.81,1010,307
25/03/2021,3.65,0.65,246,1.14,2.47,824,291
26/03/2021,2.52,0.64,281,1.08,2.9,1043,334
27/03/2021,1.27,0.67,279,1.11,2.59,949,330
28/03/2021,1.78,0.67,312,1.1,2.61,1051,368
29/03/2021,1.37,0.72,327,1.14,1.98,914,407
30/03/2021,1.52,0.71,236,1.12,2.16,686,285
31/03/2021,1.2,0.68,267,1.08,2,687,318
01/04/2021,1.75,0.68,293,1.14,2.11,836,347
02/04/2021,2.43,0.66,315,1.1,2.36,1059,408
03/04/2021,1.15,0.69,277,1.09,1.99,715,330
04/04/2021,1.8,0.68,327,1.09,2.07,860,381
05/04/2021,1.62,0.66,435,1.09,2.09,1205,530
06/04/2021,2.88,0.68,307,1.12,2.68,1105,369
07/04/2021,2.08,0.66,239,1.16,2.11,708,290
08/04/2021,1.95,0.69,252,1.13,2.27,784,306
09/04/2021,2.42,0.66,250,1.14,2.36,829,308
10/04/2021,3.13,0.68,259,1.14,2.87,1015,311
11/04/2021,2.53,0.57,341,1.11,4.62,2061,403
12/04/2021,1.95,0.68,381,1.13,2.27,1187,462
13/04/2021,1.77,0.67,352,1.12,2.37,1094,413
14/04/2021,2.57,0.63,283,1.1,2.83,1037,332
15/04/2021,2.6,0.66,250,1.12,2.18,736,300
16/04/2021,1.85,0.65,211,1.11,2.52,753,269
17/04/2021,1.58,0.61,218,1.1,2.34,684,266
18/04/2021,1.8,0.65,237,1.12,2.27,720,284
19/04/2021,1.72,0.65,235,1.1,2.09,662,289
20/04/2021,1,0.67,217,1.1,1.96,579,269
21/04/2021,1.28,0.66,218,1.1,1.94,574,268
22/04/2021,2.43,0.62,221,1.1,2.4,701,266
23/04/2021,2.67,0.59,230,1.08,2.71,832,284
24/04/2021,2.07,0.6,214,1.09,2.67,773,265
25/04/2021,1.43,0.63,318,1.13,2.51,1011,358
26/04/2021,2.25,0.62,353,1.11,2.38,1114,424
27/04/2021,1.9,0.58,277,1.15,2.42,953,341
28/04/2021,1.73,0.61,284,1.08,2.62,949,336
29/04/2021,2.57,0.59,264,1.09,2.54,867,313
30/04/2021,1.9,0.58,264,1.09,2.53,888,323
01/05/2021,1.87,0.52,270,1.1,2.7,959,323
02/05/2021,1.88,0.57,325,1.11,2.95,1249,381
03/05/2021,2.2,0.58,422,1.12,2.52,1474,520
04/05/2021,1.83,0.63,270,1.15,2.35,882,328
05/05/2021,1.33,0.68,312,1.14,2.06,892,380
06/05/2021,1.88,0.65,345,1.1,2.26,1091,440
07/05/2021,1.9,0.67,278,1.15,2.22,883,344
